branch,orders,avg_order_value,avg_processing_days,avg_delivery_days,avg_fulfillment_days,on_time_pct,total_shipping_cost,total_cost_impact
East_A,250,2438.86228,1.9,3.696,5.596,53.2,31113.02,17689.3224
North_A,250,2602.81648,1.852,3.652,5.504,52.4,32840.76,24895.7686
North_B,250,2433.795,1.932,3.696,5.628,52.4,30126.23,19766.7816
South_A,250,2522.3958399999997,1.936,3.556,5.492,52.4,29605.0,16519.4416
West_A,250,2476.76104,1.716,3.432,5.148,56.0,32032.98,33724.6752
