region,orders,avg_order_value,on_time_pct,avg_fulfillment_days,total_cost_impact
East,250,2438.86228,53.2,5.596,17689.3224
North,250,2518.3057400000002,52.4,5.566,44662.5502
South,250,2522.3958399999997,52.4,5.492,16519.4416
West,250,2476.76104,56.0,5.148,33724.6752
